temps,scene,acteur,phrase,utilisable
00:00:03,1.0,Première voix off ," Attention, ce flim n’est pas un flim sur le cyclimse. Merci de votre compréhension.",0.0
00:00:13,1.0,Deuxième voix off ," Entre l’Australia et la South América, dans l’océan South Pacific : l’atoll de Pom Pom Galli.",1.0
00:00:28,1.0,V12 ," V12 appelle le capitaine George Abitbol, V12 appelle le capitaine George Abitbol. Quelqu’un vous demande sur le pont.",1.0
,1.0,George , Qui ?,1.0
,1.0,V12 , Un dénommé José.,1.0
00:00:35,1.0,George ," OK, j’arrive, V12.",1.0
00:00:48,1.0,José ," Ah, voilà enfin le roi de la classe ! L’homme trop bien sapé, Abitbol ! Alors comme ça tu as été élu l’homme le plus classe du monde ! Laisse-moi rire ! Style le grand play-boy des fonds marins, genre qui fait rêver les ménagères. Sauf que moi je les baise, moi, les ménagères, non ? C’est pas vrai ?",1.0
00:01:03,1.0,George ," Écoute-moi bien, mon petit José. Tu baises les ménagères, bien, tu dois avoir le cul qui brille. Mais c’est pas ça qu’on appelle la classe. Je te dis ça en qualité d’homme le plus classe du monde.",1.0
00:01:11,1.0,José ," Eh, je t’arrête tout de suite. La classe, c’est d’être chic dans sa manière de s’habiller. Rien de tel que d’aller chez Azzedine Alaia… … ou même de s’acheter des sous-pulls chez Yohji Yamamoto !",1.0
00:01:30,1.0,George ," Excuse-moi de te dire ça, mon pauvre José, mais tu confonds un peu tout. Tu fais un amalgame entre la coquetterie et la classe. Tu es fou. Tu dépenses tout ton argent dans les habits et… … accessoires de mode… … mais tu es ridicule. Enfin si ça te plaît… C’est toi qui les portes. Mais moi, si tu veux mon opinion, ça fait un peu… has been.",1.0
00:01:39,1.0,José ," La vache ! Moi, j’ai l’air has been ? J’en ai pour plus d’une barre de fringues sur moi. Alors, va te faire mettre !",1.0
00:01:46,1.0,George , Tu n’es vraiment pas très sympa. Mais le train… … de tes injures roule sur le rail de mon indifférence. Je préfère partir plutôt que d’entendre ça plutôt que d’être sourd.,1.0
00:01:50,1.0,José ," Bien ! Considère qu’on n’est plus amis, Abitbol !",1.0
00:02:11,2.0,George ," Tiens, regarde ! Les Anglais ont débarqué. On va être obligés de passer par derrière. Tu sais, par ce tunnel tout sombre qui sent pas très bon.",1.0
,2.0,Isabelle ," Oh, George ! Quel poète, vous me surprenez. On ne m’a jamais parlé comme ça. J’ai connu des hommes, mais jamais des comme vous !",1.0
,2.0,George ," Eh, tu sais à qui tu parles, là ?",1.0
,2.0,Isabelle , Oui !,1.0
00:02:25,2.0,George ," Abritons-nous, ça va pas tarder à péter !",1.0
,2.0,Isabelle ," Oh, et encore c’est rien !",1.0
00:02:32,2.0,George ," Classe, bravo. Bon, pousse-toi, laisse-moi passer. Bon V12 c’est quoi ce bordel alors ?",1.0
,2.0,V12 , Ben ce bordel c’est qu’il pleut comme vache qui pisse !,1.0
00:02:39,2.0,George ," Ah bravo, merci du renseignement. Heureusement que tu es là.",1.0
,2.0,V12 , Mais patron !,1.0
00:03:15,2.0,George ," Quoi patron ? Tu veux que je dise à tout le monde que ton vrai nom c’est pas V12 c’est travers de porc sel-poivre ? Bon, je vais chercher des serviettes-éponges avec des imprimés dessus. Ah, celle-là. Non. Celle-là… Ah, celle-là, ça va. Ça, c’est bon, c’est épongé. Ça, c’est bon, c’est réparé. Ça, ça roule. Oh putain et ça ? Faut pas laisser ça comme ça les enfants ! Oh !",1.0
,2.0,Isabelle , George ! George ! Oh mon Dieu George ! Oh ! Oh !,1.0
00:03:18,2.0,George , Aah… Monde de merde.,1.0
00:03:20,2.0,Isabelle , Oh George…,1.0
00:03:37,3.0,La radio ," Et puis je vous rappelle la principale information de cette édition, la disparition subite de George Abitbol, qui depuis plus de 15 ans portait officiellement le titre de l’homme le plus classe du monde. L’Amérique vient de perdre un de ses plus prestigieux ambassadeurs. Et maintenant, un petit peu de musique avec Alain Souchon.",1.0
00:04:36,3.0,Dave ," Oh non, pas lui ! (Il éteint la radio.) Salopes !",1.0
00:04:44,4.0,Dave ," Bonjour patron, je peux entrer ?",0.0
00:04:50,4.0,Le patron du journal ," Ah Dave, tu tombes bien. Entre. On prépare un dossier sur George Abitbol. Tu vas te mettre sur le coup, mais tu seras pas tout seul, tu seras avec Peter et Steven.",1.0
00:04:54,4.0,Dave ," Peter et Steven, je les aime bien. Mais pourquoi je peux pas travailler seul ?",1.0
00:04:58,4.0,Le patron du journal , Parce que tu es trop mauvais.,1.0
00:05:01,4.0,Dave ," Ah ben là patron vous m’avez convaincu, c’est une bonne raison. Je vais travailler avec Peter et Steven.",1.0
00:05:04,4.0,Le patron du journal , Ben alors ?,1.0
00:05:07,4.0,Dave ," Ben OK, j’y vais.",1.0
00:05:09,4.0,Steven , Ce charlot ? Je savais pas qu’il existait encore.,1.0
00:05:18,4.0,Le patron du journal , Va falloir vous y habituer parce qu’il va travailler avec vous sur ce dossier. C’est une idée de notre ami Callaghan. Une idée lumineuse !,1.0
00:05:26,4.0,Callaghan ," Roh arrêtez vos conneries, patron. C’est mon fils, mon fiston. Pff. Je sais pas pourquoi, il s’est attaché à moi. Alors, je l’aide.",1.0
,4.0,Steven , Ben peut-être qu’il avait personne d’autre à qui s’attacher. Mais de quoi on parle ?,1.0
00:05:38,4.0,Le patron du journal , Je vais te dire de quoi on parle. Où vous en êtes avec la nécro de George Abitbol ? Vous bossez un peu ? Mmh ?,1.0
,4.0,Steven ," On vient de s’y mettre, mais on a déjà quelques petites idées.",1.0
00:05:44,4.0,Peter ," On va interroger des tas de gens, tous ceux qui l’ont aimé, qui l’ont haï, bref tous ceux qui l’ont approché… … qui l’ont connu. Ça fait déjà du boulot.",1.0
00:05:46,4.0,Le patron du journal , Quoi d’autre ?,1.0
,4.0,Peter , Ah et puis c’est pas tout.,1.0
,4.0,Steven ," Oui, on a pensé qu’on devait expliquer ses dernières paroles.",1.0
,4.0,Le patron du journal , Monde de merde ? Vous avez raison.,1.0
,4.0,Peter ," Oui, on en a chié pour trouver cette idée, on a été charrette.",1.0
00:06:00,4.0,Le patron du journal ," L’homme le plus classe du monde meurt, et ses dernières paroles… … c’est « monde de merde ». Pourquoi il a dit ça ? C’est ce que je veux savoir.",1.0
,4.0,Steven ," Merci, c’est pas facile à trouver.",1.0
00:06:04,4.0,Le patron du journal ," C’est sûrement un nom. Si c’est une femme, je veux savoir quelle femme, si c’est un cheval je veux savoir dans quelle course.",1.0
00:06:08,4.0,Peter ," Nous, on pensait que ça pouvait être un traineau.",1.0
00:06:51,5.0,Orson Welles ," Bonjour. C’est moi, Orson Welles, et ceci est ma maison que vous voyez, derrière, là. Pas mal, non ? C’est français. Je me permets d’interrompre ce flim parce qu’on se fout un peu de ma gueule. C’est du vol et du plagiat. J’aime pas trop les voleurs et les fils de pute. Dans ce film le héros meurt au début et des journalistes décident d’enquêter sur ses dernières paroles, comme dans Citizen Kane. J’appelle ça du plagiat. Les journalistes vont interviewer des gens sur le héros. Vous allez voir que les témoignages, ça va être des flashbacks. Je le vois trop arriver. Argh, Rosebud !",1.0
00:06:56,6.0,Le patron du journal ," Bon, et à part ça ?",0.0
,6.0,Steven ," Ben à part ça on est un peu coincés, on n’a pas l’ombre d’une piste.",1.0
,6.0,Le patron du journal , Vous savez qu’il a vécu au Texas la moitié de sa vie. Vous cherchez par là.,1.0
00:07:03,6.0,Steven ," Faut chercher par là, faut chercher par là… Vous êtes gonflé, vous. Chercher par là.",1.0
,6.0,Un journaliste ," Bravo, quel enthousiasme.",1.0
00:07:15,6.0,Le patron du journal ," Mais au fait, j’y pense, Callaghan, il devrait pouvoir vous aider, depuis le temps qu’il est là, payé à rien foutre, autant qu’il serve à quelque chose… … ce gros porc.",1.0
00:07:24,6.0,Callaghan ," Je suis peut-être payé à rien foutre, mais mes tuyaux, je les garde pour mon fils. Mais comprenez-moi mes amis, c’est mon fils, ma bataille, c’est le fruit de mes entrailles quoi. J’avais un nom et une adresse, ben je lui ai donné.",1.0
00:07:27,6.0,Steven , Oh le lourd.,1.0
,6.0,Callaghan ," On dirait que ça vous emmerde, je me trompe ?",1.0
00:07:32,7.0,Dave , Connasse.,0.0
,7.0,La bonne d’Hugues , C’est vous qui m’avez traitée de connasse ?,1.0
,7.0,Dave , Mais non.,1.0
,7.0,La bonne d’Hugues , Vous savez c’est pas très agréable.,1.0
,7.0,Dave ," Bonjour, je viens voir un certain monsieur Hugues.",1.0
,7.0,Le policier chez Hugues , Euh c’est quoi ça ?,1.0
,7.0,Dave , Oh va te faire foutre.,1.0
00:07:46,7.0,Le policier chez Hugues ," Vous dites que j’aille me faire foutre ? Euh OK, j’y vais.",1.0
00:07:49,7.0,Dave ," Ttt, quel con !",1.0
00:07:52,7.0,Hugues ," Bonjour Monsieur, vous cherchez quelque chose ?",1.0
00:07:57,7.0,Dave ," Oh ! Euh, vous devez sans doute être monsieur Hugues ? J’ai une lettre à vous montrer.",1.0
,7.0,Hugues ," Avant de me la montrer, je voudrais bien vous poser une question. À qui ai-je l’honneur ?",1.0
00:08:03,7.0,Dave ," Dave, je suis le fils de monsieur Callaghan.",1.0
00:08:04,7.0,Hugues ," Faites-moi voir votre papier, là… Vous faites une enquête sur George Abitbol, l’homme le plus classe du monde ?",1.0
00:08:09,7.0,Dave ," Oui ! Vous l’avez connu, vous, hein ? Mmh ?",1.0
00:08:12,7.0,Hugues ," Vous savez, George je l’ai connu au temps du Texas. Il est encore cowboy. À l’époque, j’étais moi-même cowboy, je vivais avec Jacques, un bon copain. Il y avait rien de sexuel entre nous. Je dis ça parce que je me suis souvent fait traiter de pédale, de salope…",1.0
00:08:36,8.0,Hugues ," (Voix off.) … et c’est facile de traiter les gens de pédés, tout ça parce que deux garçons vivent ensemble dans un ranch et portent des pantalons en cuir. (Voix off.) Bref, un jour un cavalier est arrivé à fond les ballons avec une lettre.",1.0
00:08:39,8.0,Le messager du Poney Express ," Eh, les pédés il y a une lettre pour vous ! Tenez. Bonne bourre !",1.0
00:08:42,8.0,Hugues ," Pauvre con, va !",1.0
,8.0,Dave ," Bon, il y avait quoi dans cette lettre ?",1.0
,8.0,Hugues ," J’en sais rien. C’est pas moi qui l’ai lue, c’est Jacques.",1.0
,8.0,Dave ," Bon ben racontez-moi des choses que vous savez, pas du rien !",1.0
00:09:10,8.0,Hugues ," OK, OK, du calme. Je sais pas ce qu’il y avait dans la lettre, mais après on est partis à cheval vers la ville de George.",1.0
,8.0,Jacques ," Ah j’en ai marre. Ah je te jure, les voyages à cheval ça me fatigue.",1.0
,8.0,Hugues , Qu’est-ce que tu as ?,1.0
00:09:20,8.0,Jacques , Oh j’ai que je commence à en avoir vraiment marre des voyages. Je rêve d’un bon bain dans une bonne auberge. Ah je te jure. J’ai les pastèques.,1.0
00:09:27,9.0,Jacques , Yep. Yep. Yep. Yep. Yep.,0.0
,9.0,Hugues , Ben qu’est-ce qui te prend à dire « yep » comme ça ?,1.0
,9.0,Jacques , Ben c’est pour dire « yep ».,1.0
,9.0,Hugues ," Ah, c’est pas banal, ça.",1.0
00:09:44,9.0,La serveuse ," Chaud devant ! Et voilà, la spécialité du chef.",1.0
,9.0,Jacques ," Parfait, ça a l’air super bon !",1.0
00:09:55,9.0,Hugues ," Bon, maintenant qu’on est là, tu vas peut-être me dire pourquoi on est venus ? Tu reçois une lettre mystérieuse, et on arrive en courant. J’aimerais bien savoir ce qu’il y avait dedans.",1.0
,9.0,Jacques ," Ah, c’est une longue lettre épistolaire de mon ami Dino, qui m’appelle à la rescousse pour me demander de l’aide, pour George qui va mal.",1.0
,9.0,Hugues ," Qu’est-ce que ça peut te foutre qu’il aille bien ou mal, ce tâcheron ? De toute façon, j’ai jamais pu l’encadrer.",1.0
00:10:10,9.0,George ," Merci de m’appeler tâcheron ! Ça fait toujours plaisir à entendre, surtout de la part de deux pédés. Vous savez ce que vous mangez, là ?",1.0
00:10:18,9.0,Hugues , Non ?,1.0
,9.0,George , C’est du steak avec des boulettes d’entre les doigts de pied. Ça a bon goût.,1.0
,9.0,Jacques ," C’est très agréable, Monsieur, je vous remercie.",1.0
00:10:25,9.0,George , Et la sauce c’est de la morve séchée.,1.0
,9.0,Le premier ami de George ," Tais-toi, tu fais chier. Tu vas finir par les dégoûter.",1.0
00:10:34,9.0,George ," Mêle-toi de tes affaires, toi. Tu sais bien que madame Felipe, la patronne… … se coupe les morceaux de nichon pour en faire des ravioles.",1.0
,9.0,Hugues ," C’est dégueulasse, merde !",1.0
,9.0,Jacques ," Attends c’est censé être l’homme le plus classe, il va sans doute nous présenter ses excuses.",1.0
00:10:48,9.0,George ," Tu sais… … tes excuses tu peux te les coller au cul, tout comme ton bifteck, sauf que le bifteck, ça sert à rien, le patron l’a déjà fait. Il a craché dessus.",1.0
,9.0,Le premier ami de George ," Ah non, pas craché. Le patron, il crache pas dans les plats.",1.0
00:10:56,9.0,George ," Allons, vieux, même dans les grands restaurants on crache dans les plats, alors dans ce taudis, je vois pas pourquoi ils se feraient chier. Allez, je vous laisse manger, bon appétit.",1.0
,9.0,Hugues ," J’ai connu un mec de droite une fois, il avait dix fois plus de classe.",1.0
00:11:11,9.0,George ," Ah, encore une chose. Je vous conseille d’éviter la mousse au chocolat du patron.",1.0
00:11:17,10.0,Dave , Et qu’est-ce qui s’est passé après ? Respirez bien.,0.0
00:11:20,10.0,Hugues ," Après, tout ce que je sais c’est que j’ai eu un accident. J’ai été blessé. Alors, je me suis réveillé amnésique et j’arrivais plus à me souvenir de rien.",1.0
00:11:29,10.0,Dave , Vous avez d’autres choses à me raconter ? Sur George ?,1.0
00:11:33,10.0,Hugues ," Je refuse de manger des ravioles. Mais par contre, je peux vous parler de madame Felipe. Elle s’est fait refaire les nichons, elle. Et je sais de quoi je parle.",1.0
00:11:43,11.0,Dave ," (Voix off.) Et George, dans tout ça ?",0.0
,11.0,Hugues ," (Voix off.) Ben justement, une fois j’étais chez les Indiens bilingues.",1.0
00:11:47,11.0,Un indien ," Salut, Hugues !",1.0
,11.0,Un autre indien , Hugh.,1.0
00:11:50,11.0,Hugues , Hello !,1.0
00:11:54,11.0,Les indiens ," Salut, Hugues ! Hugues, salut !",1.0
00:12:01,11.0,Hugues ," Salut les gars, je suis content de vous voir. Comme je passais par ici, je pensais m’arrêter un peu, à moins que vous vouliez que… … je parte ?",1.0
00:12:19,11.0,L’Indien ," Tu peux rester. Pas de problème. Je suis même content que tu sois venu chez nous. J’aimerais bien que tu restes. On va manger des chips. Tu entends ? Des chips ! C’est tout ce que ça te fait quand je te dis qu’on va manger des chips ? Mais qu’est-ce qui t’arrive ? Pourquoi tu dis rien, tu fais la tronche ou quoi ?",1.0
00:12:25,11.0,Hugues ," Tu me rappelles George, politiquement.",1.0
00:12:36,11.0,L’Indien ," George ? Qu’est-ce que j’ai à voir avec George ? Rien en fait ! Parce que si on réfléchit bien, moi je suis un vrai démocrate. George est un fasciste de merde. Un fasciste de merde !",1.0
00:12:40,11.0,Hugues , C’est exact. Au temps pour moi.,1.0
00:12:47,12.0,Dave ," Oh, et qu’est-ce qui lui est arrivé, à ce chef indien ?",0.0
00:12:49,12.0,Hugues ," Après, il a fait justicier dans la ville. Mais aujourd’hui, il a fini de frimer. On l’a retrouvé assassiné un jour. Il en est mort.",1.0
00:12:57,12.0,Dave ," Pfft ! Dites-moi, le numéro de votre ami Jacques, c’est bien celui qui est noté là ?",1.0
,12.0,Hugues , Oui.,1.0
00:13:09,12.0,Dave ," Je vais le donner à mes collègues. Faut qu’on l’interroge. Allo Peter ? Prends un papier, je vais te donner le numéro d’un certain Jacques, faudrait l’interroger. Alors c’est le 19 94 0 18 13 24 32 49 26 24 40 4 16 70933, 16 moins 4 euh, attention il y a un piège…",1.0
,12.0,Peter ," 16 moins 4, 12. Bon euh merci, on l’appelle. Ciao.",1.0
,12.0,Dave ," Bon on se rappelle, à plus tard.",1.0
00:13:42,12.0,Steven ," Bonjour, vous êtes bien chez Steven, je ne suis pas là, mais vous pouvez laisser un message après le bip sonore. Merci, au revoir.",1.0
,12.0,Peter ," Je viens de recevoir un coup de téléphone de Dave. Tiens, c’est le numéro de Jacques.",1.0
,12.0,Steven ," Tiens regarde, ça c’est le numéro de Jacques. Je l’ai trouvé aux archives. Le numéro qu’il t’a filé, Dave, c’est de la connerie. Il commence vraiment à me faire chier, Dave.",1.0
00:14:02,12.0,Peter , Moi ce qui me fait chier c’est les effets spéciaux minables. Je supporte plus.,1.0
00:14:06,12.0,Steven ," Oh ben là je te trouve un peu dur, on croirait entendre un pro des effets spéciaux.",1.0
,12.0,Peter ," Oh ben moi quand tu veux. Tiens, tu connais l’effet spéciau de la sonnette ? Dring ! Tiens, dring, dring, dring ! Tiens, et dring dring !",1.0
,12.0,Steven , C’est super impressionnant.,1.0
,12.0,Peter , Et après je te fais dring ! Et puis dring ! Et puis même encore dring !,1.0
,12.0,Steven , Oh putain je suis impressionné.,1.0
00:14:18,12.0,Peter ," Allez un dernier, dring ! Maintenant, tu appelles Jacques. Rheuuu.",1.0
00:14:21,12.0,Steven ," Allo, monsieur Jacques ?",1.0
,12.0,Jacques , Absolument.,1.0
00:14:26,12.0,Steven , Bonjour… … je vous appelle parce que j’enquête sur George Abitbol et j’aimerais beaucoup recueillir votre témoignage. (À Peter.) C’est bon !,1.0
00:14:36,12.0,Jacques ," Écoutez, n’y voyez aucune mauvaise volonté de ma part, mais je tiens à vous dire que je n’ai pas… … beaucoup de temps. Alors pour George Abitbol, je veux bien faire un effort. Mais il faut pas me prendre pour la bonne poire.",1.0
00:14:54,12.0,Steven ," Je vous remercie, vous êtes très gentil. Attention, j’ai bien dit gentil, j’ai pas dit homosexuel, hein. J’ai dit gentil parce que dans le témoignage de Hugues il est noté que vous êtes parti dans la ville de George en ayant reçu… … juste une simple lettre. Qu’en est-il exactement ?",1.0
,12.0,Jacques , Absolument. Je pense que vous faites allusion à cette missive…,1.0
,13.0,Jacques ," (Voix off.) … que nous reçûmes… (Voix off.) … un jour, Hugues et moi. Cela avait l’air urgent, à en croire la hâte du cavalier du Poney Express. (Voix off.) En effet l’expéditeur avait pris soin d’écrire au dos de l’enveloppe « presse le pas, facteur, car l’amitié n’attend pas ! ». La lettre provenait d’un ami, Dino, qui me demandait de lui venir en aide. (Voix off.) Bref, en un mot comme en cent, nous nous mîmes en route promptement. Oh, tu nous fatigues, qu’est-ce qu’il y a encore, tu n’arrêtes pas de te plaindre !",1.0
,13.0,Hugues , J’ai faim.,1.0
00:15:38,13.0,Jacques ," Écoute-moi bien Hugues mon ami, plus que quelques kilomètres et nous serons dans une bonne auberge. Quel trouble-fête ! Yep. Yep.",1.0
00:15:44,14.0,Steven ," Je vous interromps, excusez-moi, mais cet épisode nous a déjà été raconté par Hugues. Peut-être pourriez-vous nous parler de ce qui vous est arrivé après ce repas dans la bonne auberge, hein ?",0.0
00:15:54,14.0,Jacques ," Absolument. Après déjeuner, il était temps que je me misse à l’ouvrage, j’allâme voir mon ami Dino.",1.0
00:16:11,15.0,Jacques ," Ooh ! Ben Dino, mon pauvre ami ! Ça n’a pas l’air d’aller bien fort. Oh, euh, pourquoi vous vous êtes mis dans cet état déplorable ? Vous qui écrivez de si belles lettres !",1.0
00:16:18,15.0,Dino ," Ça va plus du tout. J’ai plus envie de boire ni de manger. J’ai plus envie de me peigner. Je suis limite nervous breakdown. Boah et puis merde, j’ai même plus envie de me laver !",1.0
00:16:35,15.0,Jacques ," Vous allez pas me dire que c’est à cause de George, quand même ?",1.0
00:16:37,15.0,Dino , George ? Vous pouvez pas savoir. Il est devenu insupportable.,1.0
00:16:46,15.0,Jacques ," Mais c’est pas une raison pour plus vous laver les joues, vous êtes malade ou quoi ? Mais faut arrêter !",1.0
,15.0,Dino ," Ce que j’arrête, c’est les pin’s, vieux. Ça me fait plus marrer.",1.0
00:17:13,15.0,Jacques ," Oh mais dites-moi, vous savez que vous avez l’air pitoyable ? Parce que pour arrêter votre collec’… Ça vous embête si je regarde votre pin’s ? Shera… Sheraf ? Connais pas. Parce que moi aussi je peux me vanter de ma collec’, moi. Ça fait un moment que je l’ai, et c’est pas une collec’ de pédé ! Sauf que celui-là je le connais pas. Sheraf. Inconnu au bataillon.",1.0
,15.0,Dino ," Sheraf. Tu connais pas Sheraf ? C’est un groupe, ils étaient number one.",1.0
00:17:21,15.0,Jacques , C’est pas une raison pour vous laisser aller et ressembler à une larve.,1.0
00:17:24,15.0,Dino ," Regarde mes mains, saloperie ! Regarde, je me suis niqué les mains, moi, avec cette saloperie de collec’ de pin’s à la con.",1.0
00:17:33,15.0,Jacques ," Bon, euh moi j’y vais. Merci pour les pin’s. Et vous inquiétez pas, euh, tout va s’arranger. Et comme on dit chez nous, lehaïm !",1.0
,15.0,Dino , Lehaïm !,1.0
00:17:43,16.0,Jacques , Bonsoir !,0.0
00:17:45,16.0,George , Pédé !,1.0
00:17:47,16.0,Jacques , Ben ! Ben c’est pas banal.,1.0
00:17:56,16.0,Hugues , Ça commence à être pesant cette histoire de pédés. Tout le monde s’acharne sur nous alors qu’on n’est même pas pédés.,1.0
,16.0,Jacques ," Ben oui, je sais. T’inquiète pas, je vais aller le voir dès demain, George.",1.0
,16.0,Hugues ," Allez, bonne nuit !",1.0
,16.0,Jacques , Ouais.,1.0
,16.0,Hugues , Dors bien.,1.0
00:18:31,17.0,Jacques ," George, il faut que je vous parle. Je sais bien que sous prétexte que je suis gentil, les gens me prennent souvent pour un truffon. Soit, j’en prends mon parti. N’empêche, je crois qu’on a à parler. Visiblement, vous n’allez pas bien. Laissez-moi vous aider.",1.0
,17.0,George ," Casse-toi, Jacques.",1.0
00:18:35,17.0,Jacques ," Oh ça, mais vous refusez le dialogue ?",1.0
00:18:37,17.0,George ," Exactement, je veux pas qu’on parle. Je veux que tu quittes la ville. Tu as intérêt à te casser avant neuf heures.",1.0
00:18:44,17.0,Jacques ," Mais George, rassurez-moi… Vous seriez pas un peu en train de me prendre pour un con, des fois ?",1.0
,17.0,George ," Si, complètement, même.",1.0
,17.0,Jacques , Ah.,1.0
,17.0,George ," Et casse-toi, maintenant.",1.0
00:18:52,17.0,Jacques ," George, vous me décevez. Je m’attendais à plus d’ouverture d’esprit de votre part.",1.0
00:18:54,17.0,George , Tu parles.,1.0
,17.0,Jacques ," Je vous aiderai, malgré vous.",1.0
00:19:00,18.0,La première pute ," Rester en ville malgré les menaces de George, je trouve ça drôlement courageux de la part d’un pédé comme vous.",0.0
00:19:04,18.0,Jacques ," Eh, bon, c’est fini, oui ? Ça, c’est une rumeur. J’ai jamais été homosexuel, et encore moins pédéraste.",1.0
00:19:09,18.0,La deuxième pute , C’est fou que vous ayez tant de complexes.,1.0
00:19:18,18.0,La troisième pute ," Allez, dites-le que vous êtes pédé !",1.0
00:19:19,18.0,La quatrième pute ," Avouez, vous êtes en train de choper la honte.",1.0
00:19:22,18.0,Jacques ," Et quand bien même je serais homo, je vois pas ce que ça change.",1.0
00:19:24,18.0,La troisième pute , En string vous devez être bonne.,1.0
00:19:32,18.0,George , Sois prêt. C’est bientôt l’heure. Cigarette ?,1.0
00:19:50,18.0,Jacques ," Bon, très bien, je vais tout vous dire puisque… Oh ! Il est neuf heures !",1.0
00:19:52,18.0,La cinquième pute , Neuf heures !,1.0
00:20:11,18.0,Jacques ," Il est déjà neuf heures, là ?",1.0
00:20:13,18.0,George , Sur mon front il y a pas marqué radio-réveil.,1.0
00:20:19,18.0,Jacques ," À part ça, vous avez la classe !",1.0
00:20:23,18.0,George , Tu vas voir la classe. Putain de zen. Nardine.,1.0
00:20:31,18.0,Hugues ," Où ça nous mène, la folie des hommes. On court tout droit à notre perte.",1.0
00:20:35,18.0,Stumpy ," Hé patron, j’ai trouvé de la dynamite.",1.0
,18.0,George , Ça me donne une idée.,1.0
00:20:39,18.0,Jacques ," Eh, les minables ! Il y a pas que moi qui suis pédé, il y en a un autre et il s’appelle George !",1.0
00:20:44,18.0,George ," C’est ça, cause, cause. Salaud !",1.0
00:20:48,18.0,Jacques ," Et toi, sale parasite, casse-toi !",1.0
00:20:50,18.0,Stumpy , Ça il va le payer !,1.0
,18.0,George , Ouais.,1.0
00:20:58,19.0,Peter ," Il devait être nerveux, le George, pour s’énerver comme ça.",0.0
00:21:02,19.0,Jacques , Vous voulez que je vous raconte la fin de l’histoire ?,1.0
,19.0,Steven ," Oui s’il vous plaît, Monsieur. J’imagine que vous avez dû appeler la police. Vous étiez dans votre droit après tout.",1.0
,19.0,Jacques ," Pas du tout, nous avons réglé cette histoire entre hommes.",1.0
00:21:11,19.0,Steven , Ah bon ?,1.0
,19.0,Jacques ," Absolument. Voyez-vous, Hugues fut gravement blessé. George est venu s’excuser immédiatement.",1.0
,19.0,Steven ," George, s’excuser, immédiatement ?",1.0
,19.0,Jacques , Absolument.,1.0
,19.0,Steven , Quelle classe !,1.0
,19.0,Jacques , Absolument.,1.0
00:21:26,20.0,George , Hugues. J’ai su que tu étais blessé. Je suis venu m’excuser.,1.0
00:21:30,20.0,Hugues ," Il fallait y penser avant, au lieu de venir pleurer dans ma chambre.",1.0
00:21:34,20.0,George ," Ouais, c’est vrai, c’est minable. C’est tout moi, ça. Mais j’espérais tout de même te faire… plaisir.",1.0
00:21:43,20.0,Hugues ," Mon plus grand plaisir serait que tu te calmes, gros blaireau.",1.0
00:21:47,20.0,George , Eh oui. Je m’énerve.,1.0
00:22:00,21.0,Steven ," Ah ben donc si je résume, George n’a eu à vous faire qu’un mea culpa. Dites, vous êtes drôlement gentil, vous.",1.0
,21.0,Jacques ," Arrêtez de dire ça. Je suis pas gentil, c’est pas vrai. Quand je m’énerve, je me mets dans des états dingues. Je suis méconnaissable.",1.0
,21.0,Steven ," OK, excusez-moi. Je peux vous poser une dernière question ?",1.0
,21.0,Jacques , Absolument.,1.0
,21.0,Steven ," Voilà, euh, à quoi vous pensez si je vous dis « monde de merde » ?",1.0
,21.0,Jacques , Au revoir.,1.0
00:22:14,22.0,Peter ," Pourquoi tu as choisi de faire ce boulot-là, toi ?",0.0
,22.0,Steven ," Ben si je fais journaliste c’est évidemment pour être célèbre. Moi je veux être connu. Tu sais pourquoi ? Pour niquer les gonzesses. Quand tu es célèbre, tu niques plein de gonzesses. Et puis aussi tu bouffes des trucs bien meilleurs qu’ici.",1.0
00:22:27,22.0,Peter , Et moi pour les gonzesses je suis super d’accord avec toi. Mais pour la bouffe je vois pas ce que tu veux dire. Tu aurais envie de manger quoi exactement ?,1.0
,22.0,Steven ," Ben je sais pas, par exemple une quiche lorraine.",1.0
,22.0,Peter , Une ouiche.,1.0
,22.0,Steven , Quoi ?,1.0
,22.0,Peter , On dit « une ouiche lorraine ».,1.0
00:22:45,22.0,Steven ," Tu es sûr ? Ça fait bizarre, « ouiche lorraine ».",1.0
,22.0,Peter ," Bon, on va où, là ?",1.0
,22.0,Steven ," Ben on va voir Dino, le mec qui a écrit la lettre à Jacques.",1.0
,22.0,Peter , Attention ! Quels connards ces piétons !,1.0
,22.0,Steven , Ouais.,1.0
,22.0,Peter ," Qu’est-ce que tu disais, là ?",1.0
,22.0,Steven ," Hein ? Oh rien, rien, des conneries. Laisse tomber.",1.0
,22.0,Peter ," Je sais pas toi, mais moi le mystère s’épaissit.",1.0
00:23:06,23.0,Dino ," Messieurs, permettez-moi de vous souhaiter la bienvenue. D'ailleurs, il faut pas rester debout, asseyez-vous, mettez-vous à l’aise.",0.0
00:23:12,23.0,Peter ," Merci Monsieur, c’est très gentil.",1.0
00:23:14,23.0,Steven , C’est une leçon de savoir-vivre.,1.0
00:23:16,23.0,Dino , C’est naturel. Mais dites-moi plutôt ce que je peux faire.,1.0
00:23:20,23.0,Steven , Oui alors voilà. Nous sommes journalistes et nous voudrions savoir où vous avez connu…,1.0
,23.0,Peter , George Abitbol.,1.0
,23.0,Steven ," Euh, ah oui. George Abitbol.",1.0
00:23:29,23.0,Dino , Où j’ai connu George ? C’est une excellente question. À la ferme.,1.0
,23.0,L’ami de Dino , La ferme ? Quelle ferme ?,1.0
00:23:40,23.0,Dino ," Ah la ferme ta gueule toi, ducon, espèce de crétin. Qu’est-ce que tu veux, nous prendre la tête, là ? Pauvre con. Oui je l’ai connu à la ferme. On était des cowboys. On vivait à la ferme, ça a rien d’étonnant.",1.0
00:23:50,23.0,L’ami de Dino ," Merci, c’est très agréable. Non mais c’est vrai, je me fais engueuler devant des journalistes qu’on connaît même pas. C’est classe, bravo.",1.0
,23.0,Steven ," Oh ça va, on vous fait pas chier, là ? Non c’est sûr. Non mais je rêve. Dites-moi, vous avez envoyé une lettre à Jacques il me semble. C’était quoi, cette lettre ?",1.0
00:24:06,23.0,Dino ," Eh bien, cette lettre, c’est vraiment très simple. J’avais un problème avec George. J’ai écrit à mon vieil ami Jacques. Mais si vous le voulez bien, je vais tout vous raconter depuis le début. Vous savez, j’arrivais d’Italie, de Turin. À l’époque j’étais supporter de la Juventus.",1.0
00:24:16,24.0,Dino ," OK, j’arrive ! Arrête de tirer sur oim.",0.0
00:24:34,24.0,Frankie ," Mouais. Viens ici. Qu’est-ce que tu fous avec les bras en l’air ? Je t’ai dit de les lever ? Baisse tes bras, c’est moi qui les lève.",1.0
,24.0,Dino ," Ah non, c’est à moi de les lever.",1.0
00:24:43,24.0,Frankie ," Non, c’est à moi de les lever. C’est moi qui décide. Et puis d’ailleurs, arrête de faire tout comme moi. Baisse les bras et prends ton flingue, au lieu d’être là à me copier.",1.0
00:24:45,24.0,Dino , Mon flingue ? Avec plaisir.,1.0
00:24:47,24.0,Frankie ," Tout compte fait, je préfère garder mon flingue. Désolé. Et je vais partir avec mon cheval, vieux.",1.0
00:24:57,24.0,Dino ," Il y a pas de problème, comme tu veux. Je vais juste le préparer pour toi.",1.0
00:25:01,24.0,Frankie ," Non, j’ai changé d’avis. Tu prends le cheval et tu te casses.",1.0
00:25:05,24.0,Dino , OK.,1.0
00:25:08,24.0,Frankie ," Putain je me suis mal démerdé ! Pourtant, j’ai pas fait une concession !",1.0
00:25:25,25.0,Dino ," (Voix off.) Le temps a passé… Je pensais ne plus jamais revoir ce type, mais un an après, nos chemins se sont croisés une nouvelle fois. Je fréquentais alors un bar que le patron, un certain Bazounga, avait intelligemment baptisé… … le Orlando’s. Mais je te reconnais, toi, je t’ai déjà vu quelque part. Je suis sûr que je te reconnais.",1.0
,25.0,Frankie ," Désolé, mais c’est moi qui te reconnais. Je t’ai vu le premier. Toi tu m’as vu en deuxième, vu ?",1.0
,25.0,Dino ," Ben je t’ai vu le deuxième alors, voilà.",1.0
,25.0,Frankie , Perdu ! C’est aussi moi qui t’ai vu le deuxième.,1.0
,25.0,Dino ," Oh dis donc, tu es super fort.",1.0
,25.0,Frankie ," Mais je suis pas super fort, je suis mieux que ça même, je suis surpuissant.",1.0
,25.0,Dino ," Bon, ben lui il va me prendre la tête.",1.0
00:25:51,25.0,Frankie ," Ça fait plusieurs fois que je te croise. Tu es toujours sur mon chemin, tu veux quoi ?",1.0
,25.0,Dino ," Mais c’est peut-être toi qui es sur mon chemin, pas moi.",1.0
,25.0,Frankie ," C’est pas mal, ça, le pin’s sur la cravate.",1.0
,25.0,Dino , C’est la classe.,1.0
00:26:03,25.0,Frankie ," Mais au fait, toi… … d’où tu viens ?",1.0
,25.0,Dino ," Moi, je suis juif.",1.0
,25.0,Frankie ," Tu es juif, toi ?",1.0
00:26:09,25.0,Dino ," Oh oui je suis juif. Et si tu veux tout savoir, je suis même juif arabe.",1.0
00:26:24,25.0,Frankie ," Juif arabe ? Je préfère les séfarades, tu sais. À mon avis, juif et arabe c’est bizarre. Moi j’aime pas les gens bizarres.",1.0
,25.0,Dino , Oh merde. Je peux pas encadrer les nazis. Mais laisse tomber.,1.0
,25.0,Frankie , Précise ta pensée ?,1.0
,25.0,Dino , Pour être tout à fait exact…,1.0
,25.0,Frankie , Oui ?,1.0
,25.0,Dino ," Je pense que tu es un ouf, toi. Un ouf malade.",1.0
,25.0,Frankie , Mmh.,1.0
,25.0,Dino ," En plus, c’est du racisme.",1.0
00:26:45,25.0,Frankie ," Ça c’est ton opinion personnelle, que je suis raciste. Si tu veux mon avis, s’il y a un raciste ici, c’est oit.",1.0
,25.0,Dino ," De toute façon, ça sert à rien de discuter avec toi, tu as toujours raison.",1.0
00:26:50,25.0,Frankie ," Si, ça sert de discuter. C’est toi qui as toujours raison.",1.0
00:27:09,25.0,Jacques ," Qu’est-ce que j’apprends, Frankie ? Espèce de malhonnête. Il paraît que tu as des propos intolérables, où il y a pas de tolérance ? Tu sais donc pas que c’est pas bien, d’être raciste ? Que c’est mal ? Qu’on ne doit pas faire de discrimination raciale, c’est mal. Juger les gens sur leur religion, c’est mal. Sur leur couleur de peau, sur leurs origines sociales ou sur leur nationalité, c’est mal.",1.0
00:27:16,25.0,Frankie ," OK, puisque je vois qu’on peut pas discuter, on va faire un duel.",1.0
00:27:31,25.0,Jacques , Enculé de ta race !,1.0
00:27:44,25.0,Frankie ," J’adore les duels inoffensifs. Et maintenant, casse-toi. La prochaine fois, je m’occuperai de toi avec de vraies balles. Et ça chauffera pour ton cul. Sale Français !",1.0
,25.0,Jacques ," Oh, je suis même pas Français. Je suis Américain.",1.0
,25.0,Frankie ," Non, tu es Français. Moi, je suis Américain !",1.0
00:27:54,26.0,Dino ," Et voilà, c’est pour ça que je l’ai appelé mon vieil ami Jacques. Je veux pas dire, mais c’est un mec qui a vraiment plein de qualités.",0.0
00:28:01,26.0,Peter ," Ouais, moi je me demande quand même s’il était pas un peu con.",1.0
,26.0,Steven , Parlez-nous du contenu de cette lettre.,1.0
,26.0,Peter , Euh oui s’il vous plaît. À moins que ça soit privé et que vous ayez des principes.,1.0
00:28:11,26.0,Dino ," Mais c’est privé, et j’ai des principes. Mais comme vous m’êtes sympathiques, je vais vous raconter ce qu’il y avait dans la lettre.",1.0
00:28:20,26.0,Steven ," Merci, c’est gentil à vous.",1.0
,26.0,Dino ," Il y a pas de mal, vous m’êtes sympathiques.",1.0
00:28:31,27.0,Dino ," (Voix off.) C’était un soir. J’avais le spleen, le blues. Mon cher Jacques, je vous écris parce que j’ai besoin de vous. C’est George qui a besoin d’aide. Il ne supporte plus la vie au Texas, pas de clim’ quand il fait chaud, pas de téléphone, pas de télé, pas de chauffage…",1.0
00:28:38,28.0,Dino ," (Voix off.) Bref, il supporte mal de ne pas avoir une vie moderne. Ça le rend irritable.",0.0
00:28:41,29.0,Dino , (Voix off.) Hier…,0.0
,29.0,L’homme du fax ," Bonsoir George, j’aimerais beaucoup vous parler.",1.0
00:28:47,29.0,George ," Si tu veux me parler, envoie-moi un… fax !",1.0
00:28:56,30.0,Dino ," Un fax, non mais des fois. Faut vraiment qu’il aille mal. Et en plus avant c’était pas comme ça. Avec George, je me souviens, on passait des après-midi entières à rester dans notre chambre à se chamailler gentiment, à se raconter des souvenirs…",1.0
00:29:04,31.0,George , Tu veux que je te raconte un souvenir ?,0.0
00:29:06,31.0,Dino , Un souvenir ? Oh oui.,1.0
00:29:09,31.0,George ," Laisse tomber, tu te fous de ma gueule ?",1.0
00:29:11,31.0,Dino ," Oh non je me fous pas de votre gueule, jamais de la vie.",1.0
00:29:13,31.0,George ," Eh bien, je vais te raconter l’histoire de ce malade qui s’est pointé un soir dans ma chambre d’hôtel. Un putain d’énergumène.",1.0
00:29:26,32.0,George , Bonsoir. Qu’est-ce que vous faites dans ma chambre ? Vous avez un truc à me demander ?,1.0
00:29:28,32.0,Putain d’énergumène ," Aime-moi tendre, aime-moi vrai.",1.0
00:29:31,32.0,George , Ça veut dire quoi ces conneries ?,1.0
00:29:33,32.0,Putain d’énergumène , Ça veut dire aime-moi tendre et aime-moi vrai.,1.0
00:29:37,32.0,George ," Moi ce que je vois, c’est que dans deux secondes je vais te botter le cul.",1.0
00:29:41,32.0,Putain d’énergumène ," Bon écoute, tu peux faire tout ce que tu veux… … mais évite de marcher sur mes chaussures en suédine bleue.",1.0
00:29:43,32.0,George , C’est quoi ça ?,1.0
00:29:47,32.0,Putain d’énergumène ," Ne sois pas cruel. Un pour l’argent, deux pour le spectacle, et trois pour le caillou.",1.0
00:29:58,33.0,George ," Et voilà, c’était mon souvenir. En tout cas s’il cherchait pour du trouble, il est venu à la bonne place.",0.0
00:30:11,34.0,Dino ," Voilà. Malheureusement aujourd’hui c’est bien fini. George n’est plus le même homme. C’est pourquoi vous devez venir, mon cher Jacques.",1.0
00:30:14,35.0,Dino ," Et voilà, je pense que maintenant vous voyez mieux le type de problème que j’avais avec George et pourquoi j’ai écrit cette lettre.",0.0
00:30:22,36.0,Un homme du futur ," Tu peux me dire ce qu’on fait dans ce flim, Bob ?",0.0
,36.0,Bob ," Oui je pourrais, mais d’abord faut sucer. Ah ça va, je plaisantais, détends-toi. On a rien à faire là, ça doit être une erreur dans l’enchaînement des flashbacks. Ça devrait pas trop durer.",1.0
,36.0,Un homme du futur , Ça m’a l’air d’un bordel…,1.0
00:30:58,36.0,Bob ," Attention, on tourne à droite. (Ils se penchent à droite.) Un, deux, trois. Restabilisation. (Ils se redressent.) Attention, on va plonger. Immersion de l’astronef.",1.0
00:31:01,37.0,Peter ," J’ai un de ces mals de bide, moi. Ça c’est le hamburger, ça. J’arrive pas à le digérer. Tu avais raison, on aurait dû prendre une ouiche lorraine.",0.0
,37.0,Steven , Moi je suis sûr qu’on dit « quiche ». Enfin bon…,1.0
,37.0,Peter ," M’emmerde pas avec tes histoires, je te dis que j’ai mal au bide, j’ai la méga chiasse, putain, la méga chiasse !",1.0
,37.0,Steven , Ben excuse-moi !,1.0
,37.0,Peter ," Excuse-moi, mal au bide, tu sais ce que c’est ? Faut que j’aille chier, bordel de… faut que j’aille chier, faut que j’aille chier rapidos !",1.0
00:31:26,37.0,Steven ," Alors une, tu poses mon bouquin d’exercices isométriques tout de suite. Merci. Et deux, on pourrait savoir ce que tu fais dans mon bureau, s’il te plaît ?",1.0
00:31:36,37.0,Dave ," Rien. À part que je viens d’avoir une information qui mérite la une. La mort de George… … n’était pas accidentelle, il s’est fait assassiner.",1.0
00:31:39,37.0,Steven , Et on peut savoir comment tu sais ça ?,1.0
00:31:41,37.0,Dave ," Ah ben c’est très simple, j’ai eu le tuyau par un dénommé Gorge Profonde.",1.0
00:31:43,37.0,Steven ," Ah ben merde alors, Gorge Profonde ? Mais c’est incroyable, ça.",1.0
00:31:48,37.0,Dave , Moi maintenant de toute façon j’ai fait avancer l’enquête.,1.0
00:31:51,37.0,Steven ," Et on peut savoir, euh, ça veut dire quoi ça ?",1.0
00:31:53,37.0,Dave , Mmh… rien. À part que toi et ton copain Peter vous êtes un peu à la rue.,1.0
00:31:57,37.0,Steven ," Eh mais t’es un minable ! Et tu te crois le meilleur journaliste du monde ? Mais c’est incroyable, ça.",1.0
00:32:02,37.0,Dave ," « Meilleur journaliste du monde, incroyable ça ! »",1.0
00:32:15,37.0,Steven ," Bon maintenant tu arrêtes ! Parce que je te ferais dire que pendant qu’on parle, Peter il a la méga chiasse. Alors un peu de dignité, s’il te plaît ! Ah, et puis je voulais te dire un truc à propos de Gorge Profonde. C’est mon indicateur ! Alors, touche à ton cul.",1.0
00:32:19,37.0,La fille des waters ," Excusez-moi, Messieurs. Euh, Peter il fait du boucan dans les waters.",1.0
00:32:21,37.0,Peter ," Wow. Steven ! Tu vas pas me croire. J’ai plus mal au bide. Je suis guéri. Par contre, on ne peut plus rentrer dans les chiottes, il y en a partout.",1.0
,37.0,Steven ," Merde, allez ! (Ils courent vers l’ascenseur.) Patron ! Patron ! On a un problème, faut qu’on vous parle.",1.0
,37.0,Le patron du journal , Du dossier George Abitbol ?,1.0
00:32:52,37.0,Steven ," Non, des chiottes. Peter les a bouchées.",1.0
00:32:56,37.0,Peter ," Ce n’est pas de ma faute, patron. J’étais malade.",1.0
,37.0,Le patron du journal , Ça doit être les burgers.,1.0
00:33:03,37.0,Steven ," Allô, Peter ? C’est Steven. Alors, écoute bien ce que je vais te dire. Tu vas aller interroger un certain José.",1.0
,37.0,Peter , Mmh. Noter… Dire… Interroger. José.,1.0
,37.0,Steven ," Par contre, il supporte pas les journalistes. C’est bon, là, tu notes, là ?",1.0
,37.0,Peter ," Ben oui, je note. Alors…",1.0
,37.0,Steven ," Donc vu que s’il sait que tu es journaliste, il te recevra pas.",1.0
,37.0,Peter , S’il sait… journaliste… pas.,1.0
,37.0,Steven ," Ce que tu vas faire, c’est que tu vas te déguiser.",1.0
,37.0,Peter , Ce que je vais faire… déguiser.,1.0
,37.0,Steven ," Eh, tu as tout compris ?",1.0
,37.0,Peter , Oui. Mais mon téléphone il marche pas.,1.0
,37.0,Steven ," Et, tu vas te déguiser comment ?",1.0
,37.0,Peter ," Ah, je sais pas encore.",1.0
,37.0,Steven ," Ben, tu as intérêt à trouver un truc bien, hein. Non, mais euh, je te fais confiance, hein.",1.0
,37.0,Peter , T’inquiète ! Je vais trouver un truc bien.,1.0
00:34:00,38.0,Peter ," Ah, un restaurant mexican food. Zeb ! C’est pas vrai. Buenas noches.",1.0
,38.0,José , Mais tu parles espagnol ?,1.0
00:34:04,38.0,Peter , Un poquito.,1.0
,38.0,José ," Et tu crois que tu m’impressionnes ? Moi je sais dire « allons à la plage, monsieur renard » : « vamos a la playa, señor zorro ». Est-ce que tu aimerais te bâfrer un chili con carne ?",1.0
00:34:15,38.0,Peter ," Non, merci, je… je suis un peu ballonné. Je suis pas… je suis pas trop bien.",1.0
,38.0,José , Mmpf.,1.0
00:34:20,38.0,Peter ," Je suis désolé, hein. Il y a pas d’offense ? Par contre, la prochaine fois, avec plaisir. Un bon chili con carne, d’habitude, je suis partant. Mais là, je… je fais un régime, à base de… à base de ouiches lorraines.",1.0
00:34:42,38.0,José ," Excuse-moi, à base ?",1.0
,38.0,Peter , À base de ouiches lorraines. C’est des petites tartes.,1.0
00:34:59,38.0,José ," Eh, non mais pour qui tu me prends, je rêve ! La fromagerie en bas de chez moi, elle vendait trois choses : du fromage, des ouicheslorraines et de la bouffe chinoise. Alors toi, mec, avec tes régimes à la con, tu me fais bien marrer. Tu as devant toi le spécialiste de la ouiche lorraine. Le spécialiste des travers de porc sel-poivre. À vingt-trois ans j’ai gagné le concours du meilleur cuisinier asiatique en leur préparant un… un méchoui.",1.0
00:35:11,38.0,Peter ," Un méchoui ? Tu pipeautes pas un peu, toi ?",1.0
00:35:14,38.0,José , Jamais je pipeaute.,1.0
,38.0,Peter ," Eh bien puisque c’est ça, parle-moi de George Abitbol.",1.0
00:35:30,38.0,José ," George Abitbol c’était loin d’être un pérave. Jamais il se serait vanté comme je viens de le faire sur la cuisine. Humainement, il avait la classe. Moi je préfèrerais avoir sa classe plutôt qu’avoir la mienne. Moi je suis un peu just.",1.0
,38.0,Peter , Vous l’aimiez bien.,1.0
00:35:34,38.0,José ," Ouais. Ah, laissez-moi.",1.0
00:35:36,38.0,Peter ," Eh, la choucroute ! Si tu veux une saucisse…",1.0
00:35:47,39.0,Peter , C’est trop bien de se déguiser.,0.0
00:35:52,39.0,Dave , Mouais.,1.0
,39.0,Peter ," Non non, je t’assure.",1.0
00:36:31,39.0,Steven ," Abitbol. George Abitbol. Classe, man ! Top of the pop. A disparu… poil au cul ! Au large du port de Valparaiso… Ah, c’est beau ! Mais tout ça nous éloigne de George. Ouah-pa-pa-doo-ah. Angoisse, fausse angoisse. J’ai plus de repères pour l’instant… Ouah-doo-da-doo-doo !",1.0
00:36:41,39.0,Dave ," Steven, arrête s’il te plaît, j’ai jamais pu encadrer Michel Legrand.",1.0
,39.0,Steven ," D’accord, d’accord, cha-boo-da-doo-dee.",1.0
00:36:50,39.0,Peter ," J’aime pas comme tu conduis, je sais pas, j’ai pas confiance.",1.0
00:36:57,39.0,Dave ," Tais-toi, tu m’empêches de me concentrer.",1.0
00:37:02,39.0,Steven ," Quand je serai célèbre, je me ferai des meufs ! Mmh je ferai des folies ! Talalalalalalalal…",1.0
00:37:12,39.0,Dave ," Steven, arrête-toi c’est insupportable.",1.0
00:37:16,39.0,Steven , Mmh mmh mmh mmh.,1.0
00:37:27,40.0,Peter ," Tu sais, à propos de Steven… … c’est encore plus balaise que moi avec mon déguisement. Il traverse tout le pays pour une interview. Mais lui, il se met vraiment dans la peau du personnage.",1.0
00:37:37,40.0,Dave , Je trouve ça vraiment courageux de traverser l’Amérique de fond en comble… à pied.,1.0
00:37:44,40.0,Peter , C’est du journalisme total.,1.0
,40.0,Dave ," Eh, il passe par l’Alaska, ce con !",1.0
,40.0,Peter ," En plus, monter à pied là-haut, putain faut être con !",1.0
00:37:54,40.0,Dave ," Tu vois, moi, par exemple, autant au début je trouvais ça con de se déguiser, autant maintenant vous m’avez donné envie. Sauf que moi on va pas me reconnaître. C’est comme ça. Un vrai petit caméléon le Dave. Tu trouves pas que je me suis musclé ces derniers temps ? Tu veux voir mon déguisement ?",1.0
00:38:12,40.0,Peter ," Tu sais, faut le voir porté. Tu as déjà entendu parler d’Artemus Gordon ? Je pense que tu peux faire beaucoup mieux qu’une simple chemise.",1.0
00:38:21,40.0,Dave ," Ça c’est à peine croyable. Je me trouve une panoplie super bien. Une chemise dont je suis hyper fier, et voilà comment on le félicite, le Dave.",1.0
00:38:33,40.0,Peter ," Excuse-moi, mais là je pense à Steven. Je me dis qu’il a beau être à pied, il doit sûrement vivre des moments extraordinaires.",1.0
00:38:54,41.0,Steven ," (Voix off.) Mon cher Peter, ça y est, j’y suis, même si mon déguisement n’est pas encore tout à fait fini ; la casquette ainsi que les bottes ne me conviennent qu’à moitié. (Voix off.) Je sens grandir en moi la flamme qui a dû animer les grands reporters de ce siècle. (Voix off.) Je pense à Albert Londres, Gunter Wallraff et autres Robert Namias.",1.0
00:39:00,42.0,Frédéric , Entrez !,0.0
00:39:06,42.0,Peter ," Bonjour Monsieur, je suis journaliste et je fais une enquête sur la mort de George Abitbol. Je sais que vous avez vécu au Texas. Je voudrais recueillir votre témoignage.",1.0
00:39:10,42.0,Frédéric ," Je vous arrête tout de suite. Il doit y avoir erreur sur la personne, je n’ai jamais mis les pieds au Texas.",1.0
00:39:16,42.0,Peter ," Laissez tomber votre cinéma avec moi, je sais que vous y étiez.",1.0
00:39:18,42.0,Frédéric ," OK, c’est bon. Mais alors, il faut que je vous dise, je ne me souviens plus de grand-chose.",1.0
00:39:38,43.0,Frédéric ," (Voix off.) À vrai dire, j’ai quelques souvenirs très confus. Des visages, comme ça, qui me reviennent de temps à autre. (Voix off.) Je me souviens surtout d’odeurs, de sensations plus que d’anecdotes précises. (Voix off.) D’autant plus que je ne suis pas resté longtemps au Texas. (Voix off.) En fait, je ne vois pas ce que je pourrais vous raconter, si ce n’est deux ou trois vagues choses qui n’ont guère d’intérêt pour un journaliste.",1.0
00:39:42,44.0,Frédéric ," Alors une, je ne m’en souviens pas, deux je ne suis pas resté longtemps, et enfin cinq… il y a pas de cinq.",0.0
00:39:49,44.0,Peter ," Très bien. Puisque vous ne voulez pas m’aider, allez vous faire enculer.",1.0
00:39:59,45.0,Steven ," (Voix off.) Mon cher Peter, me voici en Alaska, malgré le froid, malgré une mule impotente, malgré ma fausse barbe qui me gratte, je continue à croire en mon aventure. (Voix off.) J’ai quand même deux ou trois doutes.",1.0
00:40:09,46.0,Peter ," Ben tu vois Dave, il commence à ressembler à quelque chose ton déguisement. Seulement avec ta tête de Français, là vraiment je suis pas sûr. Il y a beaucoup de boulot avant de faire comme Steven. Lui, c’est le meilleur.",1.0
00:40:21,46.0,Dave ," Je vais la métamorphoser ma tête de Français, tu vas voir. Tu vas pas en croire tes yeux. D’ailleurs moi aussi je vais au Texas, récolter deux ou trois témoignages. Sauf que moi je suis pas comme Steven, je prends l’avion.",1.0
00:40:27,47.0,Steven ," (Voix off.) Mon cher Peter, j’ai perdu beaucoup de temps avec le blizzard. (Voix off.) Je crois bien que j’ai pris froid.",1.0
00:40:56,48.0,Dave ," Alors les bouseux, qui va me parler de George ? Qui c’est qui va tout dire à Dave ? Bon, toi tu dis rien, c’est normal tu es une croix en bois, tu as qu’à te taire. Ah, voilà enfin quelqu’un qui va peut-être me dire quelque chose ! OK, tu veux pas me parler, mmh ? Tu veux que je fasse parler la poudre ?",1.0
00:41:21,50.0,Dave ," À mon avis, tu me prends pour un con. Tu m’as l’air bien jeune pour avoir connu cette époque. Une vachette comme toi, ça sent le pipeau ton histoire. Le pipeau !",0.0
00:41:39,51.0,Steven ," (Voix off.) Mon cher Peter, me voilà dans le désert. J’ai un nouvel ami, il me suit partout, mais il est un peu con. (Voix off.) Tu me diras, il a cinq ans. (Voix off.) Je me sens seul…",1.0
00:41:41,52.0,Peter ," Écoutez, on me l’a dit, que vous étiez fiancée à George.",0.0
00:41:44,52.0,Jacqueline ," Ça, c’est ce qu’il voulait faire croire. Et… il y est arrivé.",1.0
00:41:49,52.0,Peter , Vous êtes en train de me dire qu’il a menti ? Vous le traitez de menteur ?,1.0
00:42:04,52.0,Jacqueline ," Oh oui ! Un menteur hors pair, et avec bien d’autres défauts que celui-là. Vous savez, il était amoureux de moi. Mais vous ne pouvez pas savoir ce qu’il était lourd, et collant. Bien sûr aujourd’hui, j’ai des regrets. Avec le recul je me dis que j’aurais peut-être dû agir autrement, mais c’était impossible. Parce qu’il y avait aucune femme qui aurait voulu de lui à cette époque-là. Il était trop balourd, trop pataud, il voulait pas me lâcher la touffe.",1.0
00:42:21,53.0,George ," Bonjour Madame. Madame. Je voulais vous dire, je vous aime.",1.0
,53.0,Jacqueline ," Ben ça on va le savoir, vous arrêtez pas de me le répéter. Vous savez bien que je ne vous aime pas, George.",1.0
,53.0,George ," Oui, je sais bien.",1.0
,53.0,Jacqueline ," Mais alors, qu’est-ce que vous voulez ?",1.0
,53.0,George , J’aime vos seins. Vos loches.,1.0
,53.0,Jacqueline , Les bras m’en tombent.,1.0
,53.0,George , Vous me trouvez pas désirable ?,1.0
,53.0,Jacqueline ," C’est pas ça, George. C’est pas que vous êtes pas désirable. Mais avec les femmes, vous manquez de tact. En gros.",1.0
00:42:56,53.0,George ," Dites donc, vos verres, ils sont crado.",1.0
,53.0,Jacqueline ," Et alors, je suis pas votre bonne !",1.0
00:42:59,53.0,George ," Ben, n’empêche qu’une fois que les choses réblblbl…",1.0
00:43:04,53.0,Jacqueline ," George ! Je vous ai déjà dit de ne pas parler en buvant, c’est mauvais pour l’estomac.",1.0
00:43:16,53.0,George , Burp ! Excusez-moi Madame.,1.0
00:43:25,54.0,Jacqueline ," Moi je pense qu’il avait pas plus de classe que de beurre au cul. J’ai jamais compris comment il a eu le titre. Pourtant, j’aimerais pas que l’homme qui l’a tué vous échappe.",0.0
00:43:34,54.0,Peter ," Eh, oh, ça va, hein. Il y a pas le feu, on n’est pas aux pièces.",1.0
00:43:49,55.0,Steven ," (Voix off.) Mon cher Peter, je touche enfin au but. (Voix off.) Que d’émotion devant cette simple bicoque tant désirée. Que d’émotion, mais que de fierté aussi. (Voix off.) Hervé Claude, Jean-Claude Narcy, faites place, ténors du journalisme ! (Voix off.) J’arrive.",1.0
00:44:03,55.0,Le témoin professionnel ," Rentre, fouille-merde. Je vais t’en filer, moi, du biscuit sur George pour ta feuille de chou. Ça va fuser, les potins, les ragots. C’est ma profession, moi, de témoigner. Mes témoignages c’est pas de la daube.",1.0
00:44:12,55.0,Steven ," Mais je suis un peu surpris. Quand vous m’avez appelé, vous m’avez dit que vous aviez bien connu George… … et que vous aviez de vraies informations.",1.0
00:44:16,55.0,Le témoin professionnel ," Mais faut pas de vraies informations pour vendre un journal. La vérité, ça n’a jamais intéressé personne. Tiens, regarde George, par exemple.",1.0
00:44:40,56.0,Le témoin professionnel ," (Voix off.) La vérité, c’est que pendant qu’il était peinard, à faire du cheval… (Voix off.) … moi j’étais super loin sur mon bateau. À la pêche. (Voix off.) Mais faut savoir la rendre excitante, la vérité. (Voix off.) Moi à la pêche… (Voix off.) … lui sur son cheval. (Voix off.) Moi à la pêche… (Voix off.) … lui le cheval. (Voix off.) Ah ouais, c’est bon comme ça.",1.0
00:44:58,58.0,Peter ," Bon, on arrête les déguisements, hein. C’est que des emmerdes. Le journalisme total, c’est totalement con.",1.0
,58.0,Steven ," Allez ! (Ils courent vers l’ascenseur.) Patron, patron ! Il faut qu’on vous parle, vite !",1.0
,58.0,Le patron du journal ," Vous voulez me parler des chiottes, peut-être ?",1.0
00:45:17,58.0,Steven ," Nan, on veut vous parler de l’affaire Abitbol.",1.0
00:45:21,58.0,Peter , On veut laisser tomber nos déguisements. On en a marre.,1.0
,58.0,Le patron du journal , Comme vous le sentez.,1.0
00:45:36,59.0,La fille en bikini , Ah ah ah ah… Mais c’est le sympathique Dave que voilà. Il a remis son ancienne chemise ?,1.0
00:45:40,59.0,Dave ," Est-ce que vous voulez être ma femme, et après on boira un café ?",1.0
00:45:45,59.0,La fille en bikini ," Ça peut marcher. En y réfléchissant bien, je pense que notre histoire n’a pas une chance sur cent de marcher. On divorce ?",1.0
,59.0,Dave ," Mmh, mmh, mmh, mmh.",1.0
,59.0,La fille en bikini ," J’imagine que j’aurai pas de pension, radin !",1.0
00:45:58,59.0,Ernest ," Monsieur, vous savez parler avec l’accent canadien ?",1.0
00:46:04,59.0,Dave ," Ben évidemment. Il y a qu’à demander. Mais dites-moi, George Abitbol, vous pouvez m’en parler ?",1.0
00:46:07,59.0,Ernest , Monsieur Dave…,1.0
00:46:10,59.0,Dave , Comment vous connaissez mon nom ?,1.0
00:46:19,59.0,Ernest ," J’ai vu le début du flim. Vous savez parler comme ça en plissant le visage ? Ça a l’air facile, hein ? En fait, c’est pas évident.",1.0
00:46:23,59.0,Dave , Parlez-moi de George Abitbol au lieu de jouer.,1.0
00:46:25,59.0,Ernest , Mais vous pensez qu’à travailler ! Je parie que vous êtes même pas capable de parler comme ça.,1.0
00:46:32,59.0,Dave ," Mouais, ça c’est vrai.",1.0
,59.0,Ernest ," Ben faut apprendre, faut pas rester comme ça !",1.0
,59.0,Dave , On vit très bien sans savoir.,1.0
00:46:50,59.0,Le fan d’hélicoptère ," Salut, ça va ?",1.0
00:46:56,59.0,Ernest ," Écoute, j’ai un truc à te proposer, vachement bien, super balaise. On serait tous les deux complètement irresponsables, payés par la CIA avec un hélicoptère.",1.0
,59.0,Le fan d’hélicoptère , Un hélicoptère ?,1.0
00:47:03,59.0,Ernest , Un super hélicoptère qu’on a intelligemment appelé Supercopter.,1.0
00:47:16,59.0,Le fan d’hélicoptère , Ouais. Vendu.,1.0
00:47:24,59.0,La femme de l’hélicoptère , Aaah !,1.0
00:47:25,59.0,L’homme de l’hélicoptère , Oh les cons !,1.0
00:47:28,60.0,Peter ," Regarde, c’est lui, là.",0.0
,60.0,Steven ," Qui, le jus de tomate ?",1.0
,60.0,Peter ," Non, l’acteur !",1.0
00:47:47,60.0,Steven ," Dites-moi, vous pourriez nous parler de George Abitbol ? Essayez de trouver un moyen de raconter votre histoire, même sans ouvrir la bouche.",1.0
,60.0,Peter ," Ou, ou, ou, ou, vous pouvez la mimer.",1.0
,60.0,Steven ," Vous êtes un grand acteur, vous devriez pouvoir le faire, n’est-ce pas ?",1.0
00:48:00,60.0,L’acteur ," OK, je vais vous la mimer.",1.0
,61.0,L’acteur ," (Voix off.) J’étais à la cueillette aux champignons… Mais bordel, ça doit pas être la saison, c’est pas possible.",1.0
,61.0,Julien Lepers ," Hep, Monsieur !",1.0
,61.0,L’acteur ," Oui, quoi ? Vas-y, parle, qu’est-ce que tu veux ?",1.0
00:48:14,61.0,Julien Lepers ," Je vais vous poser une question, si vous répondez bien je vous laisse le passage.",1.0
00:48:18,61.0,L’acteur ," Vas-y, dépêche-toi, pose-moi ta question.",1.0
00:48:27,61.0,Julien Lepers ," Top ! Qui suis-je ? Je suis un animateur de France 3, je suis déguisé en noir. Mon émission passe tous les soirs à 18 h 35, je pose des questions à des champions, je suis ? Je suis ?",1.0
,61.0,L’acteur ," Tu es… Tu es Julien Lepers, c’est ça ?",1.0
,61.0,Julien Lepers ," Oui c’est ça, je suis Julien Lepers !",1.0
,61.0,L’acteur , Bien ! Sacré Julien.,1.0
00:48:37,61.0,Julien Lepers , Hé ! Votre encyclopédie Larousse !,1.0
00:48:42,62.0,L’acteur , (Voix off.) C’est après cet épisode que j’ai croisé très furtivement George Abitbol.,0.0
00:48:49,62.0,La femme de l’acteur ," Mon chéri ! Nous étions séparés, mais quelle importance, nous sommes réunis.",1.0
00:48:54,62.0,L’acteur ," Tu vois cet homme, là ? Il est très connu. Par contre avant ça, c’était un parfait inconnu. C’est fou, non ? Qu’est-ce que tu en penses ?",1.0
,62.0,La femme de l’acteur , Je pense qu’il est très grand.,1.0
,62.0,L’acteur ," Par contre, avant, il était petit.",1.0
00:49:08,62.0,George , Hop hop hop ! Et notre répétition de scie musicale ?,1.0
,62.0,L’homme très connu ," Excusez-moi maestro, je saluais des amis philosophes.",1.0
00:49:33,63.0,Steven ," Merci de ce témoignage. Dites, j’ai un trou de mémoire, vous pouvez me dire le titre de votre plus grand film ?",0.0
,63.0,Peter ," Ou, ou, ou, ou, ou, nous le mimer.",1.0
,63.0,Steven ," Oui, essayez de mimer le titre de votre plus grand film, s’il vous plaît.",1.0
00:49:46,64.0,Peter ," Putain, il est costaud cet acteur.",0.0
,64.0,Steven ," Dis donc, je pensais à un truc. Tu l’as achetée où, ta veste ?",1.0
,64.0,Peter ," En même temps que mon fute, chez un mec dans les Vosges, tu connais pas.",1.0
,64.0,Steven ," Ah, ouais, ouais. C’est vrai que tu es vosgien, toi.",1.0
00:49:59,65.0,Yves , Que je vous parle de George ?,0.0
00:50:01,65.0,Dave ," S’il vous plaît, oui.",1.0
00:50:11,65.0,Yves ," Ce que je peux raconter… … c’est que moi je l’ai jamais rencontré, George. Je sais que c’était l’homme le plus classe du monde, mais c’est tout. Moi, je suis un type qui a fait beaucoup pour l’écologie. Je vous assure, c’est vrai, hein.",1.0
00:50:17,66.0,Yves ," (Voix off.) Tiens, si je vous disais qu’il y a rien que j’adorais plus que les longues chevauchées solitaires dans les grands espaces vierges. La communion intime avec la nature, l’extase des sens, un sentiment grisant de liberté, l’osmose, quoi.",0.0
00:50:50,67.0,Dave ," Dites-moi, à propos de George… … quelqu’un aurait eu intérêt à vouloir sa mort ? Vous lui connaissiez un ennemi, ou même un rival ?",1.0
00:50:53,67.0,Yves ," Oui, j’ai entendu parler d’un type, un dénommé Joël. Il avait un ami manchot.",1.0
00:50:59,68.0,Joël , Abitbol !,0.0
,68.0,Le manchot ," J’ai peut-être qu’un bras, mais… je suis pas manchot !",1.0
00:51:02,68.0,George , Mais naturellement.,1.0
00:51:04,68.0,Joël ," En puissance intellectuelle, on va voir ce que tu vaux.",1.0
00:51:07,68.0,George , Mais… avec plaisir.,1.0
00:51:09,68.0,Joël ," Très bien. C’est une devinette. Qu’est-ce qui a trois bras, un seul chapeau, deux chemises et une veste, un foulard, un pistolet et quatre oreilles ?",1.0
00:51:22,68.0,L’ami de George ," Mais c’est toi, et ton…",1.0
00:51:26,68.0,George , Mais aucun problème. C’est le cowboy de Tchernobyl.,1.0
00:51:31,68.0,Joël ," Bravo, il la connaissait !",1.0
00:51:33,68.0,George ," Au revoir, Messieurs-Dames. C’est ça, la puissance intellectuelle. Bac + 2, les enfants.",1.0
00:51:43,68.0,Joël ," Oh, ça sent la pluie, ça. On va rentrer, et on va s’inventer une petite charade. Et là, il sera bien feinté.",1.0
00:52:02,69.0,Yves , J’espère que ce témoignage va vous faire progresser. Tous les moyens sont bons pour arrêter le meurtrier.,0.0
00:52:26,70.0,La brute ," Écoute-moi bien, garçon. L’affaire Abitbol, c’est pas une affaire pour vous, et mon patron n’aime pas trop les fouineurs. Alors, je vais te dire une chose. Il y a de la boue… … qu’il vaut mieux pas la remuer !",1.0
00:52:28,71.0,Pr Hammond , Mmh mmh mmh.,0.0
,71.0,Le collègue du Pr Hammond , Qu’est-ce que tu dis ?,1.0
,71.0,Pr Hammond ," Non, je demandais si on n’avait pas reçu mes tricots de peau en polystyrène expansé. Je comprends pas, ils auraient dû être là.",1.0
,71.0,Le collègue du Pr Hammond , Demande au standard.,1.0
00:52:42,71.0,Pr Hammond ," Ah merci, on se sent vraiment aidé. Oui, le standard, vous avez rien reçu pour moi ?",1.0
,71.0,Le standard ," Vous commencez à faire chier, Professeur, vous savez ça ? Bon, quittez pas j’ai un appel pour vous.",1.0
,71.0,Pr Hammond ," Allô, oui, bonjour, Professeur Hammond.",1.0
00:52:57,71.0,Steven ," Professeur, j’enquête sur George Abitbol, et je voudrais vous poser deux ou trois questions sur votre père, Joël Hammond. Je pourrais avoir votre témoignage ?",1.0
00:53:04,71.0,Pr Hammond ," C’est bien. Actuellement, j’ai un léger problème de costume, je crois que mon tailleur se fout de ma gueule. Mais ça ne devrait pas tarder à s’arranger, je ne suis pas inquiet. Voyons-nous chez moi cet après-midi, mmh ? Vers cinq heures ?",1.0
00:53:18,71.0,Steven ," Attendez, faut que je me souvienne de tout. Chez vous, vers cinq heures… Bon, je vais essayer de m’en rappeler, hein.",1.0
00:53:24,71.0,Pr Hammond , J’espère.,1.0
00:53:44,72.0,Pr Hammond ," Purée ! Ah, ah, ça, j’aime ! Ah ah ah, vous arrivez, vous êtes même pas chez vous… … vous vous pointez avec trois quarts d’heure de retard, pas bonjour, pas merci, vous filez tout droit au frigo, vous prenez la dernière bière… Ah ah, vous, vous êtes un sacré sans-gêne !",1.0
00:53:52,72.0,Steven ," Merci. Oh, arrêtez, vous me gênez, je vais rougir. En réalité, j’aimerais que… … que vous me parliez de votre papa. De Joël Hammond, c’est possible ?",1.0
00:53:59,72.0,Pr Hammond ," Bien sûr, c’est possible. Je vais vous raconter une histoire pas banale.",1.0
00:54:01,73.0,Pr Hammond ," (Voix off.) Une fois, je devais rejoindre mon père Joël dans une carrière où il travaillait avec des ouvriers.",0.0
00:54:08,73.0,Le fan de la révolution d’octobre , Vive la révolution d’octobre ! Il paraît qu’on a repéré des animaux préhistoriques partouzeurs de droite dans les parages.,1.0
,73.0,Joël , Comment peux-tu croire des conneries pareilles ?,1.0
00:54:23,73.0,Pr Hammond ," (Voix off.) Juste avant d’arriver au chantier, je m’étais arrêté quelques instants pour faire boire mon cheval. Oh, oh, oh.",1.0
00:54:29,73.0,Le fan de la révolution d’octobre ," Regarde ! Joël, n’y va pas, reste ici !",1.0
,73.0,Joël ," Je reviens, je dois y aller !",1.0
00:54:38,73.0,Pr Hammond ," Aye, aye !",1.0
00:55:13,73.0,Les ouvriers , Ouais !,1.0
00:55:18,73.0,George ," Eh ben, on l’a bien eu.",1.0
00:55:21,73.0,Pr Hammond ," Je déteste les animaux préhistoriques partouzeurs de droite, bordel ! C’est de la merde. Mélanger comme ça partouze et politique… C’est mieux de faire les choses dans l’ordre !",1.0
00:55:29,73.0,George ," Va te faire branler, trotskard.",1.0
00:55:37,74.0,Pr Hammond ," Voilà, et mon père… … vous allez me demander où il était… … pendant que nous on se battait ? Nan ?",1.0
00:55:39,74.0,Steven ," Dites-moi, votre père, où il était pendant que vous vous battiez ?",1.0
00:55:47,74.0,Pr Hammond ," Ah ah ah ah, Joël ? Mais il a fait comme à chaque fois qu’il y avait du grabuge ! Joël ? Ah ah ah ah !",1.0
00:56:05,75.0,Pr Hammond ," (Voix off.) Aujourd’hui il est mort. Dieu ait son âme. Oh, je peux pas dire de mal… (Voix off.) … mais pendant que nous on risquait notre vie contre les animaux préhistoriques… (Voix off.) … partouzeurs de droite… (Voix off.) … lui, comme à son habitude, il allait s’isoler dans la montagne. (Voix off.) Personne n’a jamais su ce qu’il faisait, d’ailleurs.",1.0
00:56:21,75.0,Joël ," Ça daube, ça daube !",1.0
00:56:30,76.0,Peter ," S’il vous plaît, je peux vous parler, Madame ?",0.0
00:56:34,76.0,Christelle ," Appelez-moi Christelle. Mon mari est absent. Vous voulez voir mes fesses ? Et ensuite, je vous roulerai une pelle ?",1.0
00:56:40,76.0,Peter ," Merci Madame, ce serait avec plaisir, mais d’abord je dois vous questionner.",1.0
00:56:52,76.0,Christelle ," Comme vous voudrez. Mais après, il faudra être mignon avec moi. C’est bien. Je sais pourquoi vous êtes là. Vous cherchez quelqu’un qui aurait pu en vouloir à George, c’est ça ? George… Je faisais l’amour avec lui depuis le samedi après-midi jusqu’au vendredi soir. À ce moment-là, c’était un bon compagnon.",1.0
00:57:01,77.0,George ," Tu voulais me voir, chérie ?",0.0
,77.0,Christelle ," Oui, je voulais te voir. Je voulais absolument que tu sois là, je tenais à te présenter mon ex.",1.0
,77.0,George ," Oh, tu es lourde.",1.0
,77.0,Christelle , J’ai très bien entendu.,1.0
,77.0,George ," Bon, excuse-moi.",1.0
,77.0,Christelle ," T’avise pas de recommencer. Yves, je te présente George, l’homme le plus classe du monde. George, je te présente Yves, mon ex.",1.0
00:57:21,77.0,Yves ," C’est lui, George ? Eh bien bravo. Permets-moi de te demander ce que tu fais avec un mec pareil.",1.0
00:57:26,77.0,George ," Blablabla, j’ai les bonbons qui collent au papier.",1.0
,77.0,Christelle ," Mon cher Yves, je vais te dire pourquoi je suis avec George. J’aime les hommes qui ont de la classe.",1.0
,77.0,George , J’ai envie d’aller aux gogues.,1.0
,77.0,Christelle ," Encore que parfois, il arrive que les apparences soient trompeuses.",1.0
00:57:50,77.0,Yves ," Pauvre Christelle. Ton mec, je vais lui massacrer la tête. Mais pas tout de suite, non, pas maintenant. Quand il s’y attendra pas.",1.0
,77.0,Christelle , Pas très très courageux.,1.0
00:58:01,77.0,Yves ," J’en ai rien à foutre, d’être courageux. Ce que je sais, c’est qu’il va payer. Que ce soit demain, ou même dans vingt ans, il va mourir. Et il mourra pas de sa belle mort, crois-moi.",1.0
,77.0,George ," Tu préfères pas qu’on fasse la paix, plutôt ?",1.0
,77.0,Christelle , C’est tout ce que tu as à dire ? Fais quelque chose !,1.0
,77.0,George , Et qu’est-ce que tu veux que je fasse ?,1.0
,77.0,Christelle ," Je sais pas, moi, va te battre. C’est notre honneur qui est en jeu.",1.0
,77.0,George ," Si c’est notre honneur, vas-y toi, te battre.",1.0
00:58:14,78.0,Christelle ," George finit par se lasser de moi, alors il est parti avec une Québécoise. Une belle petite salope.",0.0
00:58:19,78.0,Peter ," À propos de salope, tout à l’heure, avant que vous commenciez votre histoire, vous m’aviez proposé de… comment dire… de faire le… j’aimerais bien passer à l’acte sexuel.",1.0
00:58:29,78.0,Christelle ," Oh, je ne sais pas…",1.0
00:58:34,78.0,Peter , Écoutez…,1.0
,78.0,Christelle ," Oui, oui.",1.0
,78.0,Peter , J’ai plus beaucoup de temps…,1.0
,78.0,Christelle , Moi non plus.,1.0
,78.0,Peter , Alors il faut que vous preniez une décision. Moi je suis à bloc. Dites-moi si c’est oui ou si c’est non.,1.0
,78.0,Christelle , C’est non.,1.0
00:58:59,79.0,Dave , Allô Steven ?,0.0
00:59:02,79.0,Steven ," Bouge pas, Dave, Peter te prend sur l’autre ligne.",1.0
00:59:04,79.0,Peter , C’est bon.,1.0
00:59:08,79.0,Dave , Bien. Faisons un point. Je vais voir Yves dans son restaurant… … ça se passe plutôt mal.,1.0
,79.0,Steven , Quoi ? Tu es pas mort.,1.0
,79.0,Dave ," Je me suis fait avoiner. Je me suis fait casser la gueule par un mec, une brute. Il voulait que je parle, mais j’ai rien dit du tout, j’ai pas dit où en était l’enquête, malgré la douleur.",1.0
00:59:20,79.0,Peter ," Encore heureux que tu aies pas dit où en était l’enquête, parce que vu qu’on en est au point zéro, si tu l’avais dit on passait pour des busards.",1.0
00:59:25,79.0,Steven , Pourquoi Yves t’envoie son gorille alors que d’après son témoignage il est innocent ?,1.0
00:59:28,79.0,Dave ," C’est ça, c’est à n’y rien comprendre, même en y réfléchissant bien ! Un mec que rien ne permet de soupçonner m’aiguille sur Joël, le rival de George, puis me fait dérouiller par son homme de main. Pourquoi ?",1.0
00:59:38,79.0,Steven ," Oui, pourquoi, pourquoi, pourquoi ?",1.0
00:59:40,79.0,Peter ," Les enfants, écoutez. Je crois que j’ai le fin mot de l’histoire. Suivez bien. George Abitbol s’est fait assassiner par Yves. Le mobile : une femme, Christelle. Sexe plus histoire de cul égalent meurtre.",1.0
01:00:02,79.0,Steven ," Bien joué Peter, l’enquête touche à sa fin ! On va devenir célèbres ! On va bientôt niquer, on va bientôt niquer !",1.0
,79.0,Dave , Smack ! Mettez des capotes.,1.0
01:00:14,80.0,Steven ," Gorge Profonde ? Gorge Profonde ? Gorge Profonde, vous avez demandé à me voir ? Vous avez des révélations ?",1.0
01:00:21,80.0,Gorge Profonde , Oui. J’ai des révélations d’une importance extrême. George Abitbol est pas crevé. Il est même vivant et pff…,1.0
01:00:30,80.0,Steven ," Mais vous êtes ivre, Gorge Profonde, vous empestez, vous ne savez plus ce que vous dites. Abitbol est mort.",1.0
01:00:42,80.0,Gorge Profonde ," Pas du tout du tout. George est vivant. Et il est revenu en ville. C’est moi qui te le dis, petit merdeux, va. George il est bien vivant, merde. Et il est revenu pour se venger. Voilà. Et l’assassin de George, eh ben c’est Yves.",1.0
01:00:53,80.0,Steven ," Ça, on le savait.",1.0
01:01:03,80.0,Gorge Profonde ," Monsieur Je-sais-tout ! Eh bien puisque t’es si malin, tu vas te démerder tout seul. Et moi, ma gorge profonde, je m’en vais la remplir derechef. Qu’est-ce que c’est ? Il y a des voitures dans les parkings maintenant ?",1.0
01:01:59,81.0,George ," Je te connais pas, j’ai rien contre toi, mais il faut que je tape sur quelqu’un. C’est pas de bol pour toi, sinon je garde tout en dedans et c’est pas bon, alors tiens ! Le prends pas mal, mais tiens !",1.0
01:02:02,81.0,L’homme qui se plaint du raffut , Mais qu’est-ce que c’est que ce raffut ?,1.0
,81.0,George ," Alors, on peut plus chier tranquille ?",1.0
01:02:12,82.0,Gaël ," Abitbol, soi-disant l’homme le plus classe du monde !",0.0
01:02:14,82.0,Un policier ," Du calme, Gaël, du calme.",1.0
,82.0,Gaël , Quoi du calme ?,1.0
,82.0,Un policier , Du calme.,1.0
,82.0,Gaël , Pourquoi tu dis ça ?,1.0
,82.0,George , Babloche !,1.0
01:02:33,82.0,Gaël ," Mais oui, je suis un bab, et alors ? Ça te défrise, vieux réac ? Parce que j’ai les cheveux longs, tu flippes pour ton confort bourgeois. Tu as un mauvais karma, frère, si tu supportes pas les cheveux. Désolé papy, mais j’ai ma liberté d’expression capillaire. Ça te fait chier, hein, dis-le, George. Ah ! Putain tu es nul !",1.0
01:02:38,82.0,Le portier ," Messieurs, George Abitbol.",1.0
01:02:40,82.0,Le patron du journal , George ! Mais tu es vivant.,1.0
01:02:48,82.0,Une bonne femme , Un miracle ! Il marche !,1.0
01:03:03,82.0,George ," Bon, on va pas en faire un fromage. Je m’en suis sorti sans problème. C’est pas vrai, cette affaire. Qu’est-ce que c’est, qu’est-ce que c’est ce pataquès ? Je suis là pour une raison précise. Je veux l’adresse de l’homme qui a voulu me tuer.",1.0
,82.0,Callaghan , Yves ?,1.0
,82.0,George , Ouais.,1.0
01:03:15,82.0,Le patron du journal ," OK, j’imagine l’état dans lequel vous devez être. Mais comportez-vous en bon américain, George. Faites honneur à votre drapeau. Vous devez laisser la justice faire son boulot.",1.0
01:03:23,82.0,Callaghan ," Croyez-nous, on aimerait bien vous aider. Seulement, on l’a perdue, cette adresse. Alors même, on voudrait vous la donner, qu’on pourrait pas.",1.0
01:03:25,82.0,George ," Mais vous me prenez pour une buse ? Je suis l’homme le plus classe du monde, bande de cons.",1.0
01:03:30,82.0,Le patron du journal ," Du calme, Abitbol.",1.0
01:03:33,82.0,George , Vous méritez même pas que je m’énerve. Je vais me débrouiller sans vous. Merci pour votre aide.,1.0
,82.0,Callaghan , Il a vraiment pris la grosse tête.,1.0
01:04:03,84.0,Huggy les bons Tuyaux ," Alors George, qu’est-ce que tu veux comme tuyau ?",0.0
,84.0,George , Trouve-moi l’adresse du type qui a voulu m’assassiner. Ça me fera plaisir.,1.0
01:04:15,84.0,Huggy les bons Tuyaux ," Tu sais, je commence à en avoir plein le cul. Ouais, plein le cul. Non, mais c’est vrai. C’est pas une raison, parce que je donne à tout le monde des bons tuyaux, que je mérite pas un peu d’amour.",1.0
01:04:19,84.0,George ," Tu as raison Huggy, je t’aime.",1.0
01:04:21,84.0,Huggy les bons Tuyaux ," Ah oui ? C’est pas croyable. Il faut que je m’énerve, que je te fasse mon numéro, pour que tu me le dises ?",1.0
01:04:26,84.0,L’ami de Huggy ," Hin hin hin hin, tu nous fais ta crise ? Ta petite parano ? Hin hin hin hin.",1.0
,84.0,Huggy les bons Tuyaux ," Hé, pour le feu, merci pigeon.",1.0
,84.0,L’ami de Huggy ," Et toi, ton tuyau tu as qu’à te le mettre dans le cul.",1.0
01:04:34,84.0,George ," Huggy, j’ai vraiment besoin de toi. S’il te plaît. Donne-moi l’adresse d’Yves.",1.0
01:04:44,84.0,Huggy les bons Tuyaux ," D’accord, mais seulement pour du fric. Ça te coûtera 30 francs.",1.0
,84.0,George , Ouais.,1.0
01:04:47,84.0,Huggy les bons Tuyaux ," Payables en deux fois. 15 francs avant, 15 francs après.",1.0
01:04:53,85.0,Steven ," Allez ! (Ils courent vers l’ascenseur.) Patron, patron ! Il faut qu’on vous parle, vite !",0.0
,85.0,Le patron du journal , Vous savez que George sort de mon bureau ?,1.0
01:05:08,85.0,Steven ," Rien à foutre de ça, il y a plus important.",1.0
01:05:12,85.0,Peter ," George Abitbol est vivant, bien vivant.",1.0
,85.0,Le patron du journal ," Bien joué, les gars.",1.0
01:05:31,86.0,George ," Yves ? C’est moi, George. T’inquiète pas, je ne te ferai rien. Je suis venu pour faire la paix, pas dans un esprit de vengeance. Je sais que c’est toi qui as essayé de m’assassiner. Je sais aussi que tu t’es jamais remis de l’histoire de Christelle. Mais c’est du passé. Tournons-nous plutôt vers l’avenir. Ce que je veux c’est que tu t’excuses gentiment.",1.0
01:05:40,86.0,Yves ," Ouais, je m’excuse.",1.0
01:05:42,86.0,George , Excuse-toi mieux que ça.,1.0
01:05:44,86.0,Yves ," Ben, euh, pardon, euh, je te prie de m’excuser.",1.0
01:05:47,86.0,George , Pardon mon doux seigneur.,1.0
01:05:49,86.0,Yves ," Pardon, mon doux seigneur.",1.0
01:06:04,86.0,George , Éteins ta clope.,1.0
01:06:26,87.0,La grosse vache , Monsieur Peter !,0.0
,87.0,Peter , Quoi ?,1.0
,87.0,La grosse vache ," Tenez, vous avez un message de Dave.",1.0
,87.0,Peter , Vous avez une clope ? Merci.,1.0
,87.0,La grosse vache , Il est parti chercher George dans l’hôtel de Yves.,1.0
01:06:42,87.0,Sosso , Hum.,1.0
01:06:45,87.0,Peter ," Merci pour la clope, grosse vache.",1.0
,87.0,La grosse vache , Bonne journée !,1.0
,87.0,Peter , Merci.,1.0
,87.0,Sosso ," Dites-moi, vous pouvez me donner l’heure, s’il vous plaît ?",1.0
,87.0,Peter ," Oui, neuf heures une.",1.0
,87.0,Sosso ," Oh, vous êtes précis, vous.",1.0
,87.0,Peter , Oui. Vous voulez niquer avec mon ami et moi ?,1.0
,87.0,Sosso ," Ben oui, pourquoi pas ?",1.0
,87.0,Peter ," Répétez ce que vous venez de me dire ? Vous avez bien dit « Oui, pourquoi pas ? », c’est bien ça ?",1.0
,87.0,Sosso ," Oui, exactement.",1.0
,87.0,Peter , Suivez-moi. C’est quoi votre prénom ?,1.0
,87.0,Sosso ," C’est Sophie, mais tout le monde m’appelle Sosso. Mais… mais qu’est-ce que j’ai dit ?",1.0
,87.0,Peter ," Il faut que je vous présente Steven. (Il l’emmène vers Steven.) Steven ! Laisse tomber ce connard. Victoire, vieux, victoire ! Viens voir par ici, viens ! Madame Sosso, je vous présente Steven. Steven, madame Sosso.",1.0
,87.0,Sosso , Mademoiselle.,1.0
,87.0,Peter ," Asseyez-vous. Tiens, prends une chaise. Dites-lui ce que vous venez de me dire.",1.0
,87.0,Sosso , Eh bien je lui ai dit que je voulais bien niquer avec vous.,1.0
,87.0,Peter , Tu entends ça ? Qu’est-ce que tu en dis ?,1.0
,87.0,Steven , Outch.,1.0
01:07:35,87.0,Peter ," Et en plus, on n’est pas célèbres, on n’a pas publié encore une seule ligne ! Alors pourquoi ?",1.0
01:07:42,87.0,Sosso ," Ben parce que je m’en fous, de ça. J’ai pas de problème. Vous avez l’air tous de tomber des nues.",1.0
01:07:47,87.0,Peter , Vous pouvez pas savoir ce que ça représente pour nous. Je flashe.,1.0
01:07:49,87.0,Steven ," Si je comprends bien, on s’est tapé une enquête super dure alors que si on vous avait rencontrée avant, on aurait pu niquer tout de suite sans même être célèbres.",1.0
01:07:55,87.0,Sosso ," Alors que moi, pendant ce temps-là, je me la suis donnée grave.",1.0
01:08:14,87.0,Steven ," Allez ! (Ils courent vers l’ascenseur.) Patron, patron ! Il faut qu’on vous parle, vite ! On veut savoir si on peut prendre notre après-midi.",1.0
,87.0,Peter ," C’est-à-dire qu’on a un plan, là.",1.0
01:08:20,87.0,Le patron du journal , Attendez les gars. On sait pas encore ce que veut dire « monde de merde ».,1.0
01:08:23,87.0,Steven ," « Monde de merde », « monde de merde »… Ah oui ! Mais Dave est parti chercher George.",1.0
,87.0,Peter ," Comme ça, dès qu’ils reviennent, on demande à George d’expliquer « monde de merde ».",1.0
01:08:29,87.0,Le patron du journal , OK les gars.,1.0
01:08:35,88.0,Dave ," Ça va bien, Monsieur Abitbol ? Vous avez passé une bonne nuit, sans être indiscret ?",0.0
01:08:42,88.0,George ," Au poil. Et tu es pas indiscret. Je suis majeur, et je fais ce que j’ai envie de faire avec mon petit corps.",1.0
01:08:58,88.0,Dave ," Dites-moi, pendant que je vous tiens, là, ça veut dire quoi « monde de merde », sans être indiscret ?",1.0
01:09:36,88.0,George ," Tu te réveilles à 35 ans pour te demander ce que ça veut dire « monde de merde » ? C’est pas que tu es indiscret, c’est juste que tu es un con. En disant « monde de merde », j’ai voulu dire que le monde allait mal. C’est un cri de révolte que j’ai lancé à mes frères opprimés. Finissons-en avec la résignation et l’indifférence. Ouvrons les yeux ! Partout l’injustice, le nationalisme, l’exclusion, ça me débecte. Tu as déjà entendu parler de l’hégémonie du grand capital ?",1.0
01:09:38,88.0,Dave , Nan.,1.0
01:09:51,88.0,George ," Tu t’intéresses pas à la politique. Ben tu devrais. Faut se mettre au travail, afin de vaincre les fanascismes. C’est un concept à moi, ça dénonce à la fois les fascistes et les fanatiques.",1.0
,88.0,Dave ," Merci Monsieur Abitbol, vous m’avez ouvert les yeux.",1.0
01:10:11,88.0,George ," Regarde plutôt la route. Ah, monde de merde !",1.0
,88.0,Dave , Ouais moi aussi j’ai bien envie de le dire. Monde de merde.,1.0
01:10:21,89.0,John Wayne , George Abitbol,0.0
,89.0,Burt Lancaster , José,1.0
,89.0,Lana Turner , Isabelle,1.0
,89.0,Jason Robards , Le patron du journal,1.0
,89.0,Dustin Hoffman , Peter,1.0
01:10:24,89.0,Robert Redford , Steven,1.0
,89.0,Paul Newman , Dave,1.0
,89.0,Orson Welles , Himself,1.0
,89.0,Martin Balsam , Callaghan,1.0
,89.0,Henry Fonda , Hugues,1.0
01:10:28,89.0,Ricky Nelson , L’ami de George,1.0
,89.0,Charles Bronson , L’Indien,1.0
,89.0,James Stewart , Jacques,1.0
,89.0,Dean Martin , Dino,1.0
,89.0,Elvis Presley , Le putain d’énergumène,1.0
,89.0,Frank Sinatra , Frankie,1.0
01:10:32,89.0,Stuart Whitman , Un homme du futur,1.0
,89.0,Ned Beatty , Frédéric,1.0
,89.0,Angie Dickinson , Jacqueline,1.0
,89.0,Spencer Tracy , Le témoin professionnel,1.0
,89.0,Ernest Borgnine , Ernest,1.0
01:10:36,89.0,Jan Michael Vincent , Le fan d’hélicoptère,1.0
,89.0,Clark Gable , L’acteur,1.0
,89.0,Yvonne de Carlo , La femme de l’acteur,1.0
,89.0,Robert Mitchum , Yves,1.0
,89.0,Randolph Scott , Joël,1.0
01:10:39,89.0,James Franciscus , Pr Hammond,1.0
,89.0,Lauren Bacall , Christelle,1.0
,89.0,Slim Pickens , Gorge Profonde,1.0
,89.0,Antonio Fargas , Huggy les bons Tuyaux,1.0
,89.0,Walter Brennan , Stumpy,1.0
,89.0,Jacqueline Bisset , La femme de l’hélicoptère,1.0
01:10:43,89.0,Burgess Meredith , L’homme de l’hélicoptère,1.0
,89.0,Jack Warden , Un journaliste,1.0
,89.0,Akim Tamiroff , L’ami de Dino,1.0
